<?xml version="1.0" encoding="UTF-8" standalone="yes"?>
<addon id="repository.kodi-buildrepo" name="[COLOR red]Kodi-Build Repo[/COLOR]" version="1.0" provider-name="kodi-build.nl">
	<extension point="xbmc.addon.repository" name="Fransalmighty">
			<info compressed="false">http://repo.kodi-build.nl/Plugins/addons.xml</info>
			<checksum>http://repo.kodi-build.nl/Plugins/addons.xml.md5</checksum>
			<datadir zip="true">http://repo.kodi-build.nl/Plugins/</datadir>		
	</extension>
	<extension point="xbmc.addon.metadata">
		<summary>Kodi-Build Repo</summary>
		<description>Best Repo Ever</description>
		<platform>all</platform>
	</extension>
</addon>
